X1,X2,Class
9.267707651093268,6.098346702690659,-1.0
5.029243747292685,7.37299397725371,1.0
5.16104079622712,10.678362724818713,1.0
4.0235259150755995,10.094684091943876,1.0
11.17679633747574,3.833967016327381,-1.0
9.784338023043118,5.580057667183068,-1.0
4.904648469536553,9.346702242486954,1.0
8.982469707764176,6.606596800887527,-1.0
4.639574265256896,9.892355450226413,1.0
9.136629148058812,5.769023159786926,-1.0
10.420383261447883,4.393888880477264,-1.0
5.6182100545105165,8.634322158964505,1.0
10.80195847772374,4.745958261546165,-1.0
10.822473694721253,4.213638274863227,-1.0
8.502789749709535,4.306997422578215,-1.0
9.887842760691678,4.490184995361929,-1.0
8.549483152831385,6.006186446498265,-1.0
9.069964769856318,4.316726438286585,-1.0
1.911589458132461,8.58579273370521,1.0
10.742304292845665,4.801856162287451,-1.0
4.622376118062492,9.071963459703376,1.0
11.442353783028418,3.4604868508475795,-1.0
10.96307061081814,4.877174463949285,-1.0
2.653708550275957,9.645079053804531,1.0
9.501347613099016,5.708148737443907,-1.0
5.201228960700976,10.312138335470877,1.0
3.7683659437949117,8.625952335909771,1.0
10.476901944937632,4.650594674982806,-1.0
9.418866130405739,5.165393472190775,-1.0
6.835949118143555,10.365837610562627,1.0
6.121590659053863,10.39862182607726,1.0
10.618246167142779,3.8313264365408513,-1.0
9.202970928716676,3.762486306876786,-1.0
9.866439746011428,6.423196673559071,-1.0
4.091865574138556,10.234630108315041,1.0
5.232211971784937,9.595201031524587,1.0
10.841302144432749,3.637070838676074,-1.0
5.341299131177804,8.918129475110327,1.0
9.501676035789188,3.671361127464592,-1.0
9.091317333186783,6.05457219332449,-1.0
10.19014706686571,6.615919818553358,-1.0
4.728107590464081,9.805874640113851,1.0
7.313741228721563,5.453217958414491,-1.0
10.34627706592767,5.334726146161554,-1.0
10.192448010106816,4.986216927003016,-1.0
5.3712700088235685,8.152484018901822,1.0
6.050740892905046,12.551845255001227,1.0
10.87311005013138,6.506099372114047,-1.0
11.059934168542416,4.194712606248702,-1.0
9.39365289889623,4.062801988904987,-1.0
9.857726573327314,5.19710562733572,-1.0
4.550954411732086,10.184491768760104,1.0
6.375381576406172,9.554886069492143,1.0
4.585540663019995,8.852797921835785,1.0
6.464863323101479,9.492852765803718,1.0
3.4295594357646584,9.837268096183577,1.0
9.335843019965468,6.066849196496703,-1.0
5.190820865758952,9.1157973495972,1.0
10.411431136526186,4.822666189196142,-1.0
4.597966645494407,10.189829778529381,1.0
4.207355183673663,10.512558921191737,1.0
8.990946683315247,5.391888841659724,-1.0
5.4041917139821845,8.916874358409302,1.0
4.794203759706533,10.770239614614662,1.0
3.7475689722398626,11.705664965801626,1.0
4.807263694694061,9.584265171020226,1.0
9.627252541401651,6.162325222147048,-1.0
11.537766691320002,4.627428671854971,-1.0
3.2087161289949764,9.079950957114665,1.0
10.335400119476297,5.672158937657172,-1.0
5.707194381951855,8.194351904746638,1.0
3.914914679808165,8.741580513988854,1.0
8.78427412571545,4.516445818098417,-1.0
4.290995777387998,8.130825769931029,1.0
10.158744223756536,1.51276796306245,-1.0
4.4535182986228845,10.201593021952592,1.0
11.213568792448868,5.175010439933238,-1.0
5.404903160890558,8.501343037878183,1.0
4.2557089248888476,9.789899122785497,1.0
9.595885703709659,5.390139528065755,-1.0
9.762698729543244,4.7832312143115105,-1.0
4.943224171577819,9.083676495744818,1.0
9.682049672071054,5.060400612025506,-1.0
9.674954981634286,4.432253577026203,-1.0
5.862477084041565,8.383491479825471,1.0
11.126295950240753,4.613706294328676,-1.0
10.646667198497923,5.201829245100137,-1.0
4.7026515488223435,9.86806471384049,1.0
4.9839824073699965,9.422622687658656,1.0
9.79258006960705,3.9543379597980732,-1.0
3.7011097127174652,10.816751517160284,1.0
3.405463907641556,10.0919339581043,1.0
10.296140131261707,5.6638153440514305,-1.0
2.9302479457259754,8.310070089437628,1.0
5.6878533310863375,13.27914692590655,1.0
9.777140858219258,4.023281604921244,-1.0
3.703134568933807,10.768360096810241,1.0
12.178642266823601,3.4049819590040045,-1.0
6.260719997963226,9.111932117480652,1.0
5.829424473226511,9.477004446512442,1.0
3.773346826182679,11.165178374555516,1.0
9.781501628896063,4.303675240202714,-1.0
4.637185849187301,10.924479012792766,1.0
8.87125466880218,4.985446445140946,-1.0
5.856039386051421,8.329358444930456,1.0
6.171223884650407,7.892431048190083,1.0
8.41512333641456,3.086411795057151,-1.0
5.430216714909928,8.832736048229746,1.0
3.9915075194162792,9.709527619896704,1.0
5.658409669820503,10.58324851649915,1.0
8.100061763386359,5.261541311069352,-1.0
8.20660268188977,5.04695991414634,-1.0
3.998650063936406,9.999415021365238,1.0
6.465520546069438,10.430626086256655,1.0
10.000329447238467,5.029826109658967,-1.0
10.116493892469222,3.244332684382681,-1.0
10.733443590277238,5.48655966291666,-1.0
4.2209889808446075,10.333510350667765,1.0
5.7356534824229755,10.40777376817545,1.0
11.655757535468398,5.216039617730978,-1.0
2.667304921383366,10.529333709645904,1.0
11.045724061297296,5.018716389582837,-1.0
10.450550097445648,4.555879404885057,-1.0
10.392751517145763,4.346147164793856,-1.0
9.828247225475716,6.313501654517239,-1.0
4.720741668226526,11.794638537747058,1.0
9.435848318790157,6.2864894028510845,-1.0
11.080900165549245,4.910122515542614,-1.0
10.242307793512754,5.183752656645814,-1.0
10.09410455092027,4.854535014116279,-1.0
11.102580387743012,2.804370484918396,-1.0
5.2701181520166775,12.234594067163366,1.0
9.815126422357928,5.243962935717983,-1.0
9.145777344896477,5.708317401889934,-1.0
3.81459070679265,9.25235567178316,1.0
5.032044179418596,11.202925286364913,1.0
4.307935697395935,11.854089298053362,1.0
9.34358313993507,4.872063422777844,-1.0
8.383837517478637,6.1921921067688,-1.0
10.870311759911141,6.7244737172139555,-1.0
8.606463010168243,6.310946028775655,-1.0
5.708828503245273,9.193572106263883,1.0
4.865529247112488,9.65091982256928,1.0
4.332128652147863,10.765251310300403,1.0
5.16719458129533,9.572922953948527,1.0
4.1123703036308905,10.214438810858942,1.0
8.268899747356292,2.8010722447055136,-1.0
3.4192628268760146,11.062113886545008,1.0
5.5020322455776585,8.279295328378563,1.0
10.065453990682911,5.237352359212762,-1.0
4.575378481236067,10.40415470340134,1.0
10.33182349746245,4.748754017443746,-1.0
5.7880898025785585,10.828745117293966,1.0
5.825914635590587,9.483337118397648,1.0
9.673183898551098,4.444229135113974,-1.0
3.8759669153130165,10.637130996020575,1.0
9.539349317375287,6.232697311026398,-1.0
4.378645480374926,10.407643647645031,1.0
9.716546568329372,5.426881637830745,-1.0
9.682875238566224,7.154997581858563,-1.0
3.8799839450335485,11.015119477964694,1.0
9.415038005641428,6.13306737181205,-1.0
5.528803746041315,10.061905345174258,1.0
5.7334041352414,8.58098042772104,1.0
4.43685127047522,8.688547096153826,1.0
5.825137208117058,9.76327457007661,1.0
6.870089518329091,5.415848103480075,-1.0
8.92590629038506,4.949932319290931,-1.0
9.314882498091563,6.454974669075439,-1.0
9.915966436615346,5.2253629733233495,-1.0
9.943115249012022,4.525695430144356,-1.0
10.01383201095275,4.144500832243252,-1.0
10.540591097008868,5.961188831874049,-1.0
5.205637050596998,9.481691493663067,1.0
8.834989616837817,7.585971622776594,-1.0
6.12303934241313,9.401388221820069,1.0
9.663662146424981,4.52923070945093,-1.0
4.952092757054557,7.30756944348444,1.0
10.361509231714951,3.7125158211069493,-1.0
5.819948985332539,10.03478262931341,1.0
9.89601066989816,4.509343235090718,-1.0
5.877634215813694,9.29323328117393,1.0
4.737899120516478,10.09316784858547,1.0
8.910719757069286,4.502961415070223,-1.0
10.61947334610713,4.659334961984745,-1.0
9.121875048851361,4.236815799236255,-1.0
8.997763124676922,5.1953451742443475,-1.0
11.270259190835567,5.603429136983401,-1.0
9.27233004044721,4.870325898731023,-1.0
4.874110201764892,9.766709699583838,1.0
6.791904855554703,9.138742961980288,1.0
9.454274298801655,5.031615660523544,-1.0
7.852935634478599,4.7541547808174345,-1.0
4.094909187248583,10.485728625920421,1.0
5.224829253118133,7.730381795181806,1.0
10.261537589052766,4.581163580483037,-1.0
7.036740523347493,10.485819122257794,1.0
4.838894366197842,10.497262989758877,1.0
10.520904509875386,7.284349505486077,-1.0
8.615459679623026,4.457347632543811,-1.0
5.150299200148567,9.12647376863722,1.0
10.475152077983827,4.005381105558236,-1.0
10.033632242205988,4.9875047011221065,-1.0
5.46818664181416,10.104220027603793,1.0
11.621365947983765,4.206542770364223,-1.0
8.699962778815893,4.08222085795227,-1.0
10.548021573832841,4.4702063946740305,-1.0
3.5243711730445964,8.118421090007017,1.0
5.170819163558816,10.277021321316749,1.0
3.6972006475934,10.5262398040351,1.0
9.683262095509674,6.922322888165613,-1.0
11.272393262171295,6.714661459520985,-1.0
4.08030532999779,8.847250243639198,1.0
5.553519425144806,11.365907635517425,1.0
9.776919853121152,4.743891153418553,-1.0
4.020293401970291,10.047905441595965,1.0
8.828699726801252,4.436172268079179,-1.0
10.981072076555664,4.559670205017908,-1.0
3.9756018240655018,8.371698695027856,1.0
9.87957395404384,4.34644557730248,-1.0
10.04340664008462,4.180296039566147,-1.0
9.871833035035918,6.1834824417995655,-1.0
6.583658318117209,9.471778132747604,1.0
8.677227235684603,6.206148639086074,-1.0
8.006349380945464,4.266329084950603,-1.0
11.624673388956174,4.659658877843843,-1.0
4.430749565803027,10.573975342848755,1.0
4.043659630205777,9.860866973524184,1.0
4.628512951117354,9.155632682681652,1.0
5.112303526171269,9.618989598140443,1.0
10.496725651937476,5.781897706151056,-1.0
4.831716904461986,10.401501280097017,1.0
2.526601826547344,9.141377536274574,1.0
5.229137603345865,10.335308796912006,1.0
4.773164686398934,9.449838842902317,1.0
11.35584316245024,4.512088688203607,-1.0
5.103661834802993,9.86487315177051,1.0
5.601207410391688,10.016239908577834,1.0
5.732987370779751,9.7413404769626,1.0
5.217793550042652,9.137611233616779,1.0
3.8580896159902895,9.951500758985224,1.0
5.512338181035688,10.694042615020141,1.0
6.659567215312777,10.832096380738692,1.0
10.742628183717436,4.9380699329842015,-1.0
5.317043196639212,9.778590125654004,1.0
4.935113094197287,9.926861137862694,1.0
5.005131362638538,11.317689194042071,1.0
3.0915647013127767,10.07085319665012,1.0
11.285360299066905,6.015238627497864,-1.0
11.944367000256417,3.422381242248094,-1.0
9.237665840440608,3.5623167739755948,-1.0
4.966456216947711,10.704922602849809,1.0
10.450051149655819,4.314145962392267,-1.0
12.111176719285158,6.847096240290519,-1.0
9.87005509003899,4.387866123254349,-1.0
12.758035874663229,4.936854541982705,-1.0
10.928442563867598,5.201348031268602,-1.0
8.080466987048714,5.134777026499631,-1.0
8.043230534026703,4.837470608265223,-1.0
5.62016983331216,11.588225556323774,1.0
4.000001484134355,10.814854433276725,1.0
5.529160267285949,12.14666034752334,1.0
11.860925271439225,4.145079686363874,-1.0
10.917694953375612,4.946444850874395,-1.0
5.412141667752137,11.235575973550167,1.0
9.938224968422828,7.273656293354159,-1.0
9.038512845054717,4.92710313290099,-1.0
9.641348736105451,5.517939314029257,-1.0
6.805092625179899,10.227086897365028,1.0
10.900136775031,5.300406170291212,-1.0
8.841700282289477,5.9286303616915355,-1.0
11.953470897471382,5.389379855124474,-1.0
4.89854498096862,9.95878163830995,1.0
4.694699311032752,9.33141484991861,1.0
5.717728690137317,10.613281045508973,1.0
4.890067628933313,9.280773599987816,1.0
10.007085128181703,4.492772276373161,-1.0
10.55602677741511,4.931984895426597,-1.0
10.204381689006109,5.363878469584231,-1.0
6.070616272045504,9.638007978863286,1.0
11.458195105051715,4.887378285533349,-1.0
7.815644249870234,5.947538331908106,-1.0
9.51434934998177,5.869767717749118,-1.0
10.639024543318754,5.967769339441679,-1.0
11.949624398790302,5.9014039164145595,-1.0
5.116816473730225,8.56124395877671,1.0
5.151680762022026,10.505126845869992,1.0
5.913606481384314,10.182514337163312,1.0
4.016300240820032,11.091878047492898,1.0
9.64202338314556,3.942407845846841,-1.0
6.35039213022587,10.009430829792162,1.0
5.044726233518207,9.839079340644194,1.0
3.8141748464426763,10.197557600930498,1.0
6.856277474258305,10.894601386107155,1.0
10.247027653267638,6.214497474521327,-1.0
9.128606096913492,4.753915131061364,-1.0
4.386314622423879,10.913573223179158,1.0
10.565596937174544,6.212557241494461,-1.0
11.148758201712461,6.8381229508209,-1.0
11.209835233950535,4.067894189784878,-1.0
9.054489790856687,3.4219442028383003,-1.0
5.349532235127238,11.274506024069938,1.0
9.16536697793254,4.898199240338026,-1.0
4.840619022528645,11.25700941689161,1.0
8.780340006244996,5.020222856094529,-1.0
10.429020201054314,4.313736289734922,-1.0
3.899346549754679,11.335353371609523,1.0
6.715441151867801,10.814182841376649,1.0
6.072566280894403,10.474423960134308,1.0
4.582254882031421,9.959729281409128,1.0
10.290157162142114,7.180040521586152,-1.0
10.943826713502245,5.223799062410646,-1.0
4.683713208456923,10.871007281978523,1.0
5.747505626046933,10.079132045675053,1.0
4.652291230164199,9.379180077243433,1.0
4.210848858608586,11.135915462467231,1.0
10.385177306444781,5.12462222343474,-1.0
4.958432572133852,9.593147377674633,1.0
9.777036785481082,4.503276455316341,-1.0
9.413558302797165,6.214009830348765,-1.0
5.9053278570113585,9.976839457674966,1.0
4.701507326073473,9.56213442378547,1.0
8.968631358371265,5.3029412046146716,-1.0
10.625571577101423,5.606257802868975,-1.0
10.832479698163109,3.813440742257045,-1.0
8.880205463266881,6.2890647311758165,-1.0
11.32131753865547,4.8678607477848015,-1.0
10.4666888397075,5.197719942579442,-1.0
9.805135557748395,5.253574155538526,-1.0
10.202215752066685,4.856068846031854,-1.0
9.90868884418244,4.794640562461497,-1.0
9.473352583525491,5.297235352279505,-1.0
3.6251754719048526,11.016711414679508,1.0
4.370709402848213,10.3837024663048,1.0
6.190561460687128,8.399964437393807,1.0
8.295386213166795,6.448628778314925,-1.0
4.855673916455272,9.083221760414974,1.0
8.926619330504598,5.453249100760931,-1.0
10.042337538454026,5.141087071815395,-1.0
7.643354085574174,5.2465587028675404,-1.0
3.9408233717895245,10.041994216201923,1.0
5.232748755400295,10.849444763702817,1.0
9.764311608783913,5.7487322443412125,-1.0
5.156037507519188,9.94898612033563,1.0
5.974627386897371,11.277411267576408,1.0
5.484976347559053,9.486538408237376,1.0
10.38143444810604,6.0827000541938245,-1.0
4.676230677050303,7.423447833632519,1.0
8.028946323385126,4.939130908811216,-1.0
11.23657867297723,5.7363448908768415,-1.0
5.227613922689577,10.549741673347508,1.0
10.29457736512622,3.6996306195092066,-1.0
5.856629440096489,9.712219699419135,1.0
10.19240768931791,7.2451802975392114,-1.0
3.84842480588423,9.70552137978715,1.0
10.399132484852618,5.005504620606088,-1.0
5.387730427052538,10.223490119842317,1.0
10.923292195383105,4.901449225788797,-1.0
9.627929757878954,4.637544263024197,-1.0
3.706391681142674,9.472103336520146,1.0
4.730085000057547,8.588877382700757,1.0
11.147335798474451,4.266761910267593,-1.0
9.490274882484488,6.730149613297132,-1.0
10.408184909428893,5.820742163812605,-1.0
4.625004444442691,10.444555378127495,1.0
9.881342118319152,3.8905666356688693,-1.0
4.843575979574939,9.938912941869763,1.0
3.5783963832018544,10.808194833349951,1.0
5.342093058717891,8.943154177170154,1.0
4.862997201506489,9.33106520532654,1.0
9.404950361515091,7.055386652308204,-1.0
5.941475901404513,9.333897084776554,1.0
10.52910594274503,5.660896894181805,-1.0
8.693096515655979,5.49202305413928,-1.0
4.412408420495842,9.69305073082222,1.0
10.149007328292713,4.401882157227796,-1.0
4.446084994269866,9.693271228442404,1.0
4.41141848641477,9.953862581083449,1.0
10.560197538539487,3.9640500892229857,-1.0
5.634768082772337,10.32181471058938,1.0
4.293088568395225,10.666579650279738,1.0
7.555311005485251,6.065009182136216,-1.0
11.587313456918327,6.822020888813702,-1.0
4.2228649304916255,10.941697120363635,1.0
4.949812338659234,9.377563466711479,1.0
9.398284440459674,4.643194335646205,-1.0
9.900058520117158,3.98102447061611,-1.0
4.982541797734018,9.236709573723006,1.0
9.508351480643038,3.633097121142229,-1.0
9.719581386275813,7.0197798631864226,-1.0
11.11812771760119,4.826678165572985,-1.0
3.5595669738362545,9.004013884912437,1.0
9.679034379714661,4.918489317792771,-1.0
3.982100891230375,10.512864078641385,1.0
10.169226544547739,4.805584706118917,-1.0
3.4293107754522114,9.800051356058587,1.0
6.439295844262706,10.610773690994659,1.0
5.059229292766759,9.537756350189147,1.0
9.920355879644681,4.255957616442929,-1.0
4.665926631401068,11.121819445197874,1.0
5.783534713213541,10.254334126327798,1.0
6.373161382350762,11.525191504151417,1.0
9.312509053856646,5.564609261258255,-1.0
8.843825643296196,4.475814822197229,-1.0
4.31143508498012,8.810671689137997,1.0
9.848713620148507,4.264278503381796,-1.0
5.580143924912934,10.27203232933859,1.0
10.825475538563195,5.038089014813771,-1.0
11.7310408021623,7.084082724135261,-1.0
5.337160736295738,9.868285665468603,1.0
9.964393231993496,3.6544199363745076,-1.0
9.260426253633332,5.0289731481082,-1.0
9.684797631721718,4.750052078354824,-1.0
9.401233676722715,5.2293912849864626,-1.0
9.463329441773567,3.9407742050597543,-1.0
5.362919446033439,9.391113129532142,1.0
4.807743657331911,11.378165073074072,1.0
4.117456358255751,8.908625893282883,1.0
5.8905897150878115,12.430312265179346,1.0
6.1244463866943395,10.854112045807273,1.0
9.40615303841152,5.674194754316775,-1.0
4.544751278844789,7.914379248524962,1.0
5.122853257297129,8.683036913018803,1.0
4.512218626835081,8.817751406131876,1.0
5.859502932933826,9.842662427470453,1.0
5.455288483821687,9.731491790014209,1.0
6.262764041849149,10.326341468234045,1.0
3.636757246545521,9.544957606202592,1.0
6.433226652930281,10.406811877145682,1.0
4.963779014952931,9.219049995709815,1.0
5.59308768090865,8.982231620691257,1.0
6.032561583381067,10.87144914774171,1.0
10.347042530596816,5.092667060517292,-1.0
8.990058085109961,5.989904795746756,-1.0
10.396246911808733,5.234883421332403,-1.0
9.781813775283162,5.01235932213036,-1.0
5.6913998124384495,12.40614776063315,1.0
4.492003967965735,10.461700358585245,1.0
5.119545091387562,9.537692090332774,1.0
4.387246537806937,10.052174961718961,1.0
5.29839207522843,8.860419088148976,1.0
4.0321685970191465,11.376053279072396,1.0
4.256753103336249,8.623323035516451,1.0
10.03611886923304,4.723873922478903,-1.0
10.65586152141782,4.137447153930926,-1.0
9.316592766236196,3.5428202982612893,-1.0
3.9317224698317235,10.416585325231445,1.0
11.164975177690573,5.233046813466313,-1.0
8.95018501596078,4.836578291898408,-1.0
5.465280881224095,10.69696464894438,1.0
9.941267888874908,2.578627017523515,-1.0
11.460808660147132,4.384038818747351,-1.0
5.490159634986174,9.31038606854713,1.0
6.346870872829577,8.979963294212297,1.0
8.374637335047186,4.886150862253716,-1.0
3.7449872833328888,10.073794009996973,1.0
5.465317186238888,7.941354489322467,1.0
3.451270946765426,9.254011009887765,1.0
9.528183417182879,4.503443945260793,-1.0
9.0727676805757,5.803338336990637,-1.0
9.070143014009552,4.458824305312334,-1.0
5.462033298588395,8.843541560659231,1.0
9.137055101761373,4.403516749101488,-1.0
8.937783873313474,4.856722134180229,-1.0
4.833999153817564,9.349780399255327,1.0
5.352937994755472,12.149198440261841,1.0
6.758666263260753,8.662800443025874,1.0
5.175330987216405,8.19598786223121,1.0
8.334824579630295,3.200728991949857,-1.0
10.550957725275968,3.9945211918681,-1.0
8.633141784462687,4.17753255839879,-1.0
5.183634097082078,10.34698625428016,1.0
8.812757436668083,5.5175422497953495,-1.0
10.102033419705192,5.427360206235317,-1.0
5.1647253402999445,11.267172606423802,1.0
9.712235853090558,5.156344436850553,-1.0
10.902080435014016,4.553111408871704,-1.0
10.514600142201378,4.690866661560399,-1.0
10.751133756682997,6.234450457034317,-1.0
6.448076646567574,9.63297609504214,1.0
10.452343200920772,5.547641294193018,-1.0
5.681078302098072,9.878852635779412,1.0
10.59625866169703,4.795489736685539,-1.0
9.791634480767113,4.719001015793895,-1.0
10.936031767225588,5.1241693182685,-1.0
4.110448294056605,9.994221432965782,1.0
5.460093003787376,11.574502659956531,1.0
9.06725902090715,4.002781647829725,-1.0
8.700418647164083,5.4310886294994845,-1.0
4.982929124176581,11.924681234791477,1.0
6.182483475461959,9.221682281678463,1.0
8.820232047913914,6.94464858086848,-1.0
10.851655008982961,5.489903792955684,-1.0
10.22382116873639,3.465780310529465,-1.0
6.289108694634612,9.332489163334055,1.0
9.92404008133902,5.409251047247947,-1.0
8.650206234938182,3.492902812488576,-1.0
4.876445184494064,8.704899631083945,1.0
11.791248907417861,8.154732750282596,-1.0
4.0828849089009625,11.605844239989402,1.0
9.602708960202884,4.0258703938456355,-1.0
3.3790304410100296,11.189190663457014,1.0
4.3800062180334285,12.18199867639461,1.0
10.873909740047973,5.0388478390815,-1.0
4.625895719828699,11.194416243453805,1.0
10.75527979041535,3.809075184961441,-1.0
5.180167245681226,11.166506811856307,1.0
5.3396003262933265,10.416036844073634,1.0
9.65665021039057,3.7457390779191693,-1.0
9.68110966261258,4.471904957315774,-1.0
10.295190873307817,4.891433160390033,-1.0
4.2585932508627415,9.645242252015063,1.0
11.621002345533611,4.472596836412051,-1.0
9.660098850882576,4.328950019336545,-1.0
11.116136963299226,6.134018304618738,-1.0
10.323561554253768,4.640592401015337,-1.0
11.45892359724133,4.777308815097074,-1.0
6.899796389528328,10.36586230510186,1.0
2.805933046318831,8.62306488267038,1.0
5.826657595719423,10.0742718987048,1.0
10.111005106923914,6.283108825921615,-1.0
5.439271344952119,10.461619682241118,1.0
10.153401427239316,4.510435840158561,-1.0
9.440689529499394,6.151300860992201,-1.0
4.949892294353031,7.564065348582571,1.0
9.730965627412022,6.223280737303335,-1.0
9.441184155181958,7.187585802207574,-1.0
6.701894022638952,9.955736621085633,1.0
8.991694243633667,2.7072132229081842,-1.0
8.912104739375941,5.529116861290124,-1.0
9.143719680495252,4.3147596076346435,-1.0
5.507832258270948,9.835843408097462,1.0
10.54935132650051,4.765008346208097,-1.0
10.147294535499517,5.558746571913531,-1.0
10.494591134034568,4.470186224324109,-1.0
4.926054394173704,9.268648200698138,1.0
6.13861690134579,9.37055493531804,1.0
11.06345928806874,5.1976217965743565,-1.0
7.630246500818663,3.9358715868340166,-1.0
6.065995481115792,8.099458205389775,1.0
9.72214823853943,6.76684040224099,-1.0
10.919271397051704,5.449756429496207,-1.0
3.2813399070258953,10.160191663201696,1.0
10.377378080065217,5.983292147830007,-1.0
5.950137670631563,9.030615032486198,1.0
4.662693051730457,10.22636238061323,1.0
3.5042595520499606,10.420219826726784,1.0
10.150196778197722,4.186113951806335,-1.0
8.629203563659392,6.611313035233107,-1.0
6.661998191676979,8.795092474780068,1.0
3.738875791360509,11.478779817088473,1.0
11.31288708087242,5.384914543216151,-1.0
10.133753088250115,3.933357733415,-1.0
5.144139995117654,12.281945635400792,1.0
4.381290871717583,9.233558530299634,1.0
3.665244821858953,9.06389243871333,1.0
9.236366446334268,5.977303518068425,-1.0
5.357463989710232,11.655957280184234,1.0
9.091764727091917,4.245787416824551,-1.0
7.673110204956359,8.980977778146976,1.0
10.253064411735117,4.794195331480898,-1.0
9.958119848579056,6.072085312232659,-1.0
4.727651960186193,9.732206796068883,1.0
5.727113105288158,8.868764781296886,1.0
10.894159562935162,5.357047224365817,-1.0
4.729525133106446,9.98484268386014,1.0
9.836177320999676,6.657808596100571,-1.0
4.034980906626821,9.48423426665327,1.0
4.680653977445877,10.915678026095124,1.0
4.102615991135605,11.257319168925317,1.0
9.872371739206645,4.540506608043311,-1.0
2.7504025391446,8.38579603466619,1.0
5.211170115663094,9.50646658326948,1.0
4.648040662621731,10.248740234893845,1.0
10.290992317381983,3.83304495076207,-1.0
8.728393563980404,5.87386750480995,-1.0
9.853363446568073,6.518822515217128,-1.0
5.477044100898148,10.692787867180838,1.0
5.731039566863726,9.5594867605566,1.0
10.010939603613819,4.700243672942637,-1.0
5.155002488037388,11.335465517468252,1.0
5.200620925592962,8.63528912460737,1.0
6.84041655187345,10.303507742844214,1.0
10.28158686814093,6.4842029913918005,-1.0
3.5602304975541683,10.43054098926474,1.0
4.571553314015989,9.207689173806244,1.0
5.73585427725431,9.735421976078161,1.0
10.74544185533723,4.546765797463748,-1.0
10.926182559709286,6.291483873395275,-1.0
5.794281778622422,8.919908220887931,1.0
5.379235361766379,9.294696167420282,1.0
10.763303802620293,6.883341364418056,-1.0
9.507708270827651,4.728075647262875,-1.0
11.375256628311327,2.788713214049974,-1.0
6.379042452808602,8.143999303724724,1.0
10.791167131687178,3.2469247075486427,-1.0
5.6810159375209,11.165180048552141,1.0
5.770025038923017,8.346588694377981,1.0
6.12938414676208,9.789694734685172,1.0
10.615364778195818,4.379392407627728,-1.0
7.771190739359577,3.0243952318338927,-1.0
7.518890541305499,5.4683080703323075,-1.0
5.092042966099262,9.853831877940511,1.0
10.665568966779071,4.910225170947236,-1.0
4.845660241847083,9.89575872428015,1.0
9.700937607998508,4.676262911593408,-1.0
9.151546903932196,4.28413765956779,-1.0
5.596658123721969,9.5213802838278,1.0
9.66456273118722,4.209715297672781,-1.0
5.571470165379871,10.52366375923836,1.0
9.187362962138867,5.633535717581997,-1.0
6.4060190533133525,10.569234136429273,1.0
5.248122889966439,9.735701802491327,1.0
9.235348872457978,3.256432436104866,-1.0
4.34773482789474,9.689302822091685,1.0
5.7175913161618785,10.517800341665886,1.0
5.1919766320247795,9.006247958189283,1.0
4.5791393804675975,9.577045928437489,1.0
3.6997796705181725,10.722368561890805,1.0
9.900690128173421,6.442964553569384,-1.0
11.07380336129382,2.424609030734929,-1.0
3.3795562588449934,10.696122926686547,1.0
4.621476899506878,10.381077966345776,1.0
5.683100191656317,11.20513258147393,1.0
10.031906411934063,5.761608219573274,-1.0
4.892855956316217,11.303620214915435,1.0
10.22098772607366,4.456567289139843,-1.0
10.733417162289612,6.3070286105729085,-1.0
5.506106857076159,8.829687645982013,1.0
9.214504439620361,5.127736015673183,-1.0
9.247969381470716,5.061730123692431,-1.0
5.91423700553383,8.437358147062207,1.0
3.3811986060840082,9.658300571577854,1.0
8.732880765899054,3.6740730618613253,-1.0
9.347064821987216,6.467037297191931,-1.0
10.463060901081308,3.586846681329262,-1.0
6.495853236159916,10.839242387212566,1.0
9.447184885049785,2.5461164262744127,-1.0
9.881911423474532,5.778234761124058,-1.0
3.0492077118067304,8.236979316242769,1.0
4.711346313922734,11.290445802022315,1.0
5.855858269902812,8.967055690984253,1.0
5.160417002416267,10.392988205808027,1.0
6.727861928044504,11.126881487360235,1.0
5.997811671179673,11.791813984143054,1.0
10.928259413721209,4.364388852996701,-1.0
9.693591647996893,3.649655224742718,-1.0
11.98486341268999,6.976324636086386,-1.0
4.145557705177241,8.942369516249414,1.0
8.643212309667637,6.494611197556999,-1.0
6.766061925119439,10.81499796355516,1.0
3.8475230499384443,9.476099201435204,1.0
8.971642209535041,6.424292829987063,-1.0
11.868090634140211,2.6614814438098042,-1.0
9.962158289559685,6.19369597240166,-1.0
9.121466890793293,2.8533294051459084,-1.0
7.787056462908011,6.382795021376246,-1.0
4.760517711708326,11.32020158910889,1.0
11.182182667338065,6.146966430937462,-1.0
9.973206274583772,4.064971927837718,-1.0
11.331712826112945,4.887309214024823,-1.0
10.209746610531209,4.207694016005593,-1.0
11.554110363661387,4.825786416537899,-1.0
8.68385390636589,3.932627902495309,-1.0
5.289404334979511,9.387149370410311,1.0
4.694599837257421,9.890102211009477,1.0
8.669644816021322,4.775587707283565,-1.0
10.694459827378697,3.7707085312545723,-1.0
5.563062049633986,9.915758745330821,1.0
10.856485812763363,5.4833301406213515,-1.0
5.216166809668464,10.669217354437837,1.0
4.740670809899402,10.23368032559473,1.0
6.622839546018925,9.34439232688191,1.0
10.382929345229888,3.989845830101883,-1.0
9.025662699066004,4.8675544189096,-1.0
4.561304562235662,9.807217923096008,1.0
11.175692298679964,5.830462110605409,-1.0
9.230765025237542,4.436581546543007,-1.0
4.2570068712574205,9.088318090435175,1.0
5.084531622461666,10.221689774213147,1.0
6.0558419020017755,10.838663162218994,1.0
10.57017214559571,3.643438991022871,-1.0
10.097812802617035,4.9732240157526295,-1.0
5.290695385199209,9.54335135652291,1.0
5.352429452792969,8.840181824388175,1.0
9.691818511640149,4.479598084958304,-1.0
9.590867605422504,4.3246088431693135,-1.0
3.0645040037396036,9.8386048539898,1.0
11.293429992057602,5.50976125756418,-1.0
10.516920662784116,5.218517653566023,-1.0
10.290630157379157,5.141581556998362,-1.0
9.409291456422954,5.351187103048315,-1.0
9.762543094286636,3.3530772974393415,-1.0
5.2541064662567525,8.875737649859436,1.0
10.845535036607577,5.94275463379329,-1.0
11.318764786814251,4.816205634934942,-1.0
5.028965405638386,11.025956554319594,1.0
4.539066289748528,9.770192800297837,1.0
10.062225776466484,5.072035710179768,-1.0
9.923850623079046,5.8355856508390875,-1.0
4.929634625556408,10.30496095591241,1.0
10.756945891326188,6.571313932192419,-1.0
9.782564942598931,4.444586172670558,-1.0
5.362554504056773,8.755045527335792,1.0
10.497973522002804,5.2363661725389825,-1.0
10.268363050955273,3.5492784511489126,-1.0
11.121907328562514,5.3257148060779755,-1.0
9.662551755214373,4.605496139497299,-1.0
4.927449073576287,9.72210477434961,1.0
6.375899689047975,8.409712318461125,1.0
10.86355661416173,3.2866731618804916,-1.0
7.704780606922054,6.401807260017513,-1.0
10.881672278631243,3.8787244473308276,-1.0
6.210475849303158,10.826377939946852,1.0
10.196415248249181,4.612337686279745,-1.0
4.26850467245891,9.490228248678179,1.0
6.420579841098284,8.086577829182788,1.0
9.958559640436718,6.37009329499703,-1.0
4.822291470374268,10.512128986213312,1.0
5.2406303562669825,8.589037352868393,1.0
10.436808555555292,5.184910625442226,-1.0
8.208275478916285,5.70937544273213,-1.0
5.203834722572897,10.372631251502586,1.0
8.756918628486247,3.180215280372764,-1.0
6.388546508815116,9.995506073766297,1.0
11.374427193790478,5.988648423373384,-1.0
4.9582474999237895,11.06746825897606,1.0
6.811088828232554,10.837565984443604,1.0
9.198555436671493,4.811578900150771,-1.0
6.095267099959752,10.655814615535814,1.0
9.120085355903914,5.434797257508951,-1.0
3.6496585458047943,9.628556157542254,1.0
5.6520532495667135,10.941404267363213,1.0
7.742601555673506,4.855913085624274,-1.0
10.303394851823139,5.690368587778262,-1.0
10.219097604760577,3.9857080143181713,-1.0
8.275638116949043,5.364717801114151,-1.0
11.320491338893435,5.186333518288934,-1.0
11.410317235654043,2.9925010941384635,-1.0
5.507479439082477,9.036604963830065,1.0
4.043814062347695,11.88945657952089,1.0
9.84217752650618,3.4071739408698205,-1.0
3.769650696099145,10.891388150316915,1.0
10.018618297615898,5.943497140154814,-1.0
4.762128400420782,8.017210746109374,1.0
12.002916262201266,5.795004405659587,-1.0
3.7692873352965033,10.795486116621147,1.0
4.3846347622630955,9.512465756184772,1.0
3.6490494262629753,10.915306026482943,1.0
11.39888748075975,4.729034815607891,-1.0
9.88848359263106,5.014504628039744,-1.0
8.816711554225693,4.997160419218327,-1.0
5.303111238454221,10.534852945083932,1.0
11.682487096572167,6.373223215872838,-1.0
5.687299268834521,10.464013656989094,1.0
5.381092245650798,8.43966807455152,1.0
4.331925257569379,10.446836641610059,1.0
5.6138977265849,9.847954983636702,1.0
10.241917743758206,6.01297658197535,-1.0
10.348926675615843,4.380197779340534,-1.0
10.638179583512278,5.037012520080466,-1.0
5.289305262605841,9.433665138261334,1.0
4.579169644163839,8.841526254991763,1.0
3.1098566975090165,8.738623108458297,1.0
10.570009854760638,4.448109528059636,-1.0
8.378688857548637,5.739831371470225,-1.0
5.9231284306462415,6.2218361991777735,1.0
4.9313390547956475,9.338178064941005,1.0
4.832789434151507,10.149843442133106,1.0
8.757127353997225,4.128620577481471,-1.0
6.025085066205669,10.224388982121637,1.0
11.410286232716173,4.941359448457768,-1.0
10.821569157916901,4.098384455942635,-1.0
3.864072312504611,8.93816057507766,1.0
6.0127774123310935,8.919218255934219,1.0
5.098890693279058,9.777021918582177,1.0
7.024539652640144,10.493090109473709,1.0
5.166647547744782,11.398648705045646,1.0
6.13175424333402,10.742417292936096,1.0
6.85356682222373,11.342952929907803,1.0
3.2561973152082793,11.456953710597165,1.0
11.246466797347518,5.366420678080895,-1.0
7.258903755401367,9.71027688906983,1.0
5.253102198053686,11.078140306085276,1.0
11.037868642093738,4.5811450649695455,-1.0
10.397825031365855,5.64661894603376,-1.0
10.678645773983167,4.838848448051703,-1.0
10.013002568405547,4.728627320981187,-1.0
9.841268352826203,6.599032660852403,-1.0
7.881509906691159,4.505166564485099,-1.0
5.00502949536044,9.84459005160051,1.0
4.394710529577624,11.368561316354103,1.0
10.315726737118595,6.286233722930358,-1.0
9.135921266061574,4.979174645747445,-1.0
7.960236169870898,3.2861970007596737,-1.0
4.393665581555464,9.612104979994998,1.0
5.954066401389894,10.913658631848179,1.0
6.4162210798387544,10.947061810403016,1.0
5.958229429985739,10.424613992700987,1.0
5.506213106977384,8.278289690622584,1.0
3.8644986979571962,10.957721653679682,1.0
10.93211432672315,5.128668523069488,-1.0
6.545425968336307,9.990610023204201,1.0
5.70510291077989,9.260921045527041,1.0
9.33762747462669,6.057354809786487,-1.0
9.387679486251294,5.064729204677251,-1.0
4.379333000073117,9.393256343643197,1.0
8.704469139406042,5.715216711802484,-1.0
5.98611502225705,10.059434640152649,1.0
4.4486017312990445,8.854617553014869,1.0
5.124991717533387,9.77362847355035,1.0
8.057053983163764,5.793516467194174,-1.0
10.885420577596756,5.684050820327122,-1.0
4.157099592115761,10.05303362773091,1.0
4.760634447242356,11.4032080477407,1.0
8.09693166028037,4.95907150542358,-1.0
5.265290126085025,11.747831788726781,1.0
5.6551526087428075,11.730475630845374,1.0
6.465155682827572,8.930340053435753,1.0
4.956305414920049,7.924617552274206,1.0
8.10648768544094,4.369439981041458,-1.0
5.600668589760933,9.797847084606085,1.0
5.722520915611606,8.131129577226925,1.0
10.279434548803486,4.469211600434791,-1.0
9.092805657503028,5.940827239486237,-1.0
9.058615900370734,4.425788854350471,-1.0
6.691118686493199,8.847753843513873,1.0
9.846341105466404,5.2644289772780395,-1.0
6.132375015253691,11.529342122806504,1.0
5.969414909944704,9.428754841907043,1.0
9.63414882137019,4.3698115617268005,-1.0
5.641651118123701,10.297723841053356,1.0
5.331307964168949,11.136042894236493,1.0
5.6587654394416385,9.529159691972021,1.0
4.913014255151021,9.67180649931583,1.0
5.719672860563778,11.103536465728233,1.0
5.9149068355827685,11.361143822784154,1.0
4.6837359541677746,10.97506919106351,1.0
11.120689446325805,4.735244336386904,-1.0
5.957930763479975,9.449063273807846,1.0
5.73383644283635,9.56862095575897,1.0
11.302839542831137,3.4917568145210227,-1.0
9.193802077767254,5.448961928789542,-1.0
8.62022291429239,4.534838762078456,-1.0
12.002865333317693,4.877789636337989,-1.0
8.818904765659342,3.435749510464042,-1.0
5.223402604592694,10.266327860009893,1.0
3.9240623180033563,7.37983346375793,1.0
3.2548964941635123,10.96717259066843,1.0
10.49941008872068,4.506957397574468,-1.0
10.861592038657399,3.9644153156397373,-1.0
6.101026505253113,8.66018989012728,1.0
5.002116331059962,8.176626276582398,1.0
9.56241568986035,4.813242662260423,-1.0
9.976544947910819,4.797472473969267,-1.0
4.300647603545397,9.700739658645237,1.0
10.783085859379486,4.849592289700071,-1.0
5.226992940030108,10.63342535909431,1.0
5.854712633256575,7.997990836907449,1.0
9.116226359581358,6.3403431599567766,-1.0
6.642945902577323,10.6022016679585,1.0
5.311901631797634,9.08960434351313,1.0
6.057649357620939,11.863228166223271,1.0
5.556268007595644,10.013246266095527,1.0
10.085055123237728,4.8870184227159355,-1.0
10.426053147269458,3.8409482935111363,-1.0
4.77662376315456,8.259475890991332,1.0
4.345328606972306,9.199441834890322,1.0
8.239496525348171,3.70626922402685,-1.0
6.433489754763778,8.867559495205382,1.0
5.9112268697203145,11.172215020235505,1.0
6.467316415329124,9.999599774243602,1.0
3.989022006403149,10.485186271466835,1.0
5.875533327314355,9.171921195877392,1.0
8.943084440415241,5.471099870722054,-1.0
5.70816922859626,8.809637754365037,1.0
8.962049688664868,4.365194900932424,-1.0
6.830942958651259,8.420290950792227,1.0
9.745077852737726,5.24964747459541,-1.0
5.059001073684089,11.626531323708075,1.0
9.9647568037047,5.632494771847149,-1.0
10.746195780898175,5.684438979777813,-1.0
8.58551794927668,3.6099010745543683,-1.0
4.29455181020196,8.753016848844663,1.0
4.695014364593364,9.838187670337959,1.0
5.837733412596133,11.205733196608238,1.0
4.349602485257616,7.496500969080623,1.0
11.402365006694204,5.7832311402844345,-1.0
9.774711783852077,5.950461240960693,-1.0
4.893333354547991,10.469457668624333,1.0
9.902791613309216,5.1172313038310815,-1.0
4.476482886070629,10.18798598648258,1.0
4.039950995049257,11.31205298068192,1.0
9.522755708328855,4.615369475554478,-1.0
6.073007650824241,12.641490016147127,1.0
4.245546267274378,9.156738367028709,1.0
5.354067594119575,10.4855410044617,1.0
6.0430965345410295,9.449407065771494,1.0
3.9286621995014723,9.581756830500838,1.0
5.321565103103481,10.048280363642935,1.0
6.214216011399576,11.733494991096057,1.0
10.362852647657249,5.131233960501598,-1.0
8.243584465708436,5.520488026991848,-1.0
3.740954880539679,11.702101436259177,1.0
7.316188706830258,5.354985719828874,-1.0
8.647864153399077,5.508462436491014,-1.0
10.431451409675454,4.643950285362586,-1.0
4.781943108003134,9.592033058592314,1.0
5.370465868965218,9.940333239884836,1.0
11.869286793291094,4.526633133005074,-1.0
3.9692319123484685,8.127924035807457,1.0
9.587279969640715,6.0532188476041,-1.0
5.302137553608528,9.4624452544969,1.0
5.047310094498272,10.646687101024103,1.0
5.529442832917031,9.74817553101872,1.0
3.9800701977024664,9.381606944571804,1.0
7.972916630737682,4.636371312983029,-1.0
10.363533352241731,6.488069844185077,-1.0
11.144552260328474,3.7303729291292056,-1.0
5.394806111086748,11.620311825901053,1.0
5.253910745634857,9.465938088559476,1.0
4.41000422951819,9.183978428557994,1.0
4.023460575502437,9.080972193827035,1.0
10.360695333417482,4.219878197850345,-1.0
5.265288559159494,8.899529427284643,1.0
10.374050236666672,4.80232637067737,-1.0
9.58864276261005,3.579023591536594,-1.0
10.340204146654218,4.806062658874873,-1.0
6.282755779501359,8.911025360669722,1.0
9.373473792869854,5.251663401337921,-1.0
4.072001684213606,10.309037379239939,1.0
10.424680982331758,3.30199523162773,-1.0
4.009062323840529,10.133644189651056,1.0
4.958187406966281,9.953486471001513,1.0
4.604671017822975,10.643076651740374,1.0
5.458876187379862,8.904198833007943,1.0
5.449813933042388,9.76930966528294,1.0
2.765122989732366,9.854033357394494,1.0
4.603742434101683,10.875884764316854,1.0
5.786189209276262,9.257072044050803,1.0
5.4405924132153975,10.375694194385703,1.0
9.925803202723117,4.478999705320252,-1.0
6.048323035387687,11.167280517529045,1.0
12.398109763175423,5.336653914432776,-1.0
4.6742317403446005,11.377768966763135,1.0
9.136958427775177,4.661348611081895,-1.0
5.583857519968398,9.32622818226953,1.0
3.5632785785655687,9.816935321044792,1.0
5.10586337690423,11.268176845844328,1.0
11.53943875337708,4.577824306601773,-1.0
3.486592377030459,8.511122607958132,1.0
8.787941028035867,4.561064480687969,-1.0
7.639702226010723,4.724662507002482,-1.0
12.283078199053902,6.6925481261782185,-1.0
3.509984732979126,10.30237414144082,1.0
10.208665595150235,3.2156819390019113,-1.0
6.598029857464002,10.09286304406483,1.0
10.154570278419673,5.182110963086166,-1.0
11.010384418839678,4.741527042801255,-1.0
9.332392855190987,5.145975412324059,-1.0
4.133205851581001,10.068778469108384,1.0
9.407718814277747,4.953532093962899,-1.0
9.635249377913663,4.66460901953347,-1.0
8.875119017698983,5.764137090968074,-1.0
10.898616443625393,5.607722900203628,-1.0
4.36477704194406,11.230229575412961,1.0
4.811131816942705,10.846523649552903,1.0
5.922051534542164,9.855826247206362,1.0
10.370831147239661,5.780842007955974,-1.0
6.453139312788791,9.52671112033898,1.0
3.988458029217634,9.28404652908489,1.0
5.122623312825769,10.318432170592049,1.0
3.9880846308212883,10.237199089822306,1.0
4.541884676505006,8.556752572781548,1.0
9.661441329467957,4.775360137607301,-1.0
9.480135779418061,6.1674369490866265,-1.0
10.653942495827183,4.145812223795743,-1.0
4.011353176481565,9.16435827157733,1.0
5.265256092822941,10.458063413857635,1.0
9.814497275413046,5.2941374073389325,-1.0
5.216013627750369,10.71530210078579,1.0
9.549371750265559,6.761713866752402,-1.0
9.555363329445056,3.638566436974981,-1.0
9.901984575016968,5.372757331590808,-1.0
12.754845628896557,5.197502042166484,-1.0
4.880651962770076,11.189542594713012,1.0
4.5556729196600605,9.309575491273682,1.0
9.914261737903134,4.659859070039316,-1.0
9.461825892786518,5.4831957738780925,-1.0
4.536018745829926,9.018942568379252,1.0
9.558309309402933,3.9462815423678865,-1.0
11.507553514659133,4.41566661527806,-1.0
6.420543317376747,10.925045461946802,1.0
5.965897318152361,8.620676893246738,1.0
9.856120412341898,3.989905081453398,-1.0
9.066715059132141,4.503182470115057,-1.0
4.1290592306216105,10.859439902304324,1.0
5.208913051060853,9.185185828799808,1.0
11.063554718090638,4.386257263300088,-1.0
9.58081730971757,4.516794586817939,-1.0
7.383812001118382,10.065652877899739,1.0
10.811874121597768,5.276252843012015,-1.0
4.44503974140295,9.598036474492188,1.0
4.8706860596297155,8.947150923965447,1.0
4.372651856078718,9.782832189806626,1.0
7.964124904469668,4.935042072609316,-1.0
4.837858782837267,10.149299528592595,1.0
3.974691421995501,10.718951200363124,1.0
10.620955138952715,4.2673265718572795,-1.0
3.016121110567867,9.433157478716723,1.0
10.566675572090011,5.981481097388589,-1.0
12.00529797301998,5.866273235059332,-1.0
4.604884241701757,10.481559438365972,1.0
9.749215692929905,4.96143925057388,-1.0
3.5309809367817815,10.272195186020927,1.0
5.281136168365417,10.27086538583562,1.0
10.38844743398417,5.475307968688884,-1.0
10.066705880734101,6.341285604032015,-1.0
4.313820352879198,10.302539705785652,1.0
7.816618200333914,7.370063053191634,-1.0
9.256340791065087,5.129650142365185,-1.0
10.587586442231249,5.787875148646874,-1.0
9.906783121600574,5.553593561546694,-1.0
5.9706603970775385,9.087678150646925,1.0
8.768325378969319,3.6130204351230155,-1.0
11.894228154354549,4.8923169998679095,-1.0
4.386539615167737,10.544072583362478,1.0
9.740325090012826,3.4801409566204127,-1.0
6.251473304236732,9.51714809393531,1.0
9.737166363775529,5.179639674374905,-1.0
5.036651225229203,10.490182567298685,1.0
3.7459864085531835,9.016481396606583,1.0
5.1314097193736234,9.42087936221283,1.0
9.135417808958447,4.822833454962898,-1.0
5.061481337541766,9.619748242768264,1.0
8.437412464145934,4.846322015798091,-1.0
4.673339565927472,9.706908942258597,1.0
9.929063110311265,4.568011524540211,-1.0
3.5356769881654797,10.558806391751537,1.0
10.904995223439254,4.95324469527591,-1.0
4.5279399855553,10.571837568026389,1.0
10.826057255619371,7.0564564458601735,-1.0
4.2768393262033975,10.129938744170708,1.0
4.487978994573205,11.883596455485268,1.0
9.69671633068781,4.3132744127270195,-1.0
10.825841202990194,5.0877429491097885,-1.0
5.3069736215752155,8.323780138037034,1.0
5.6187826509316166,9.108479034697968,1.0
5.476479339579788,8.639518178250187,1.0
3.4332752013789536,11.034285135829347,1.0
10.230125233855949,4.759749348334894,-1.0
10.782816817553611,4.90564835874333,-1.0
9.84830844567344,3.539590636380138,-1.0
9.077632364510382,4.159001709462641,-1.0
4.287013168489286,9.407384602654485,1.0
10.521665519410623,2.8420413936935085,-1.0
9.265913678827486,5.650999132233602,-1.0
10.971544032893357,5.309991415590082,-1.0
9.49276736301978,6.236560556643355,-1.0
5.925374838071645,9.789064600888652,1.0
3.5214721632405146,9.594224612921412,1.0
9.696461068945247,5.3313486385755535,-1.0
10.813437085451978,4.294752052706115,-1.0
5.736464680039133,8.574962977132486,1.0
9.225447303788933,6.783215997818818,-1.0
5.077248185166548,8.568561228246352,1.0
10.571487753950029,4.254798041574385,-1.0
4.23211553836167,9.211306397373887,1.0
9.651018732319674,6.07738134538161,-1.0
3.051023473003701,9.767332142754233,1.0
9.973403696073584,5.876559287689089,-1.0
5.44922409237912,9.693140494434227,1.0
4.215261807099236,10.114265085004835,1.0
4.122930039283681,10.417278757502404,1.0
5.375963786953968,8.924729208360649,1.0
9.985144877984514,3.784369993320634,-1.0
5.735537457498843,10.080796373471195,1.0
8.999935645874963,6.108794798485819,-1.0
11.05202748554278,4.178062241664595,-1.0
9.881680390535942,5.805250425488741,-1.0
8.660134125950936,5.391071054810591,-1.0
10.10215455251032,4.677317218747587,-1.0
2.445911298075856,11.550939973107136,1.0
10.22252741475188,5.409755487857394,-1.0
3.7553971973515914,10.216596458358,1.0
5.6038757617888555,8.614234220337373,1.0
3.7836760446600004,10.836217622329059,1.0
6.129647125837096,9.539024684760596,1.0
5.845961404397908,9.173574465514161,1.0
8.549719041130167,5.926473251683246,-1.0
9.010411544870655,4.347950342415929,-1.0
5.244625153978314,10.53139831241227,1.0
12.630290000382061,5.683334206557473,-1.0
10.58346745779451,3.7661610301878774,-1.0
11.366003306901403,6.088542359422492,-1.0
10.040350733253424,4.784773974081213,-1.0
4.175828598098246,10.335484784474486,1.0
5.316417944070653,10.140207436684129,1.0
5.214040730163169,8.10607557237373,1.0
6.075236026527394,9.915174575685603,1.0
9.191519182401061,5.097946241667044,-1.0
4.5771361343180095,9.227875566951068,1.0
5.16974128136915,8.66237799537223,1.0
2.7335344390910716,10.633070970809564,1.0
4.038166806556452,9.662536113811326,1.0
9.432473721818457,5.074419550430609,-1.0
10.707673001601174,6.096051776370617,-1.0
9.660035744137486,4.526275598970036,-1.0
4.93429509385933,11.570749682846836,1.0
10.240337035097713,4.0462267255215165,-1.0
9.638340479034502,5.916229910948723,-1.0
10.539580235506799,5.1680500376722245,-1.0
10.469856549690775,5.169167107978499,-1.0
8.278523162574734,5.029335946711888,-1.0
9.639597851326183,3.412892564195336,-1.0
10.812742462343966,7.638916032245851,-1.0
9.559625512899188,4.493364454025385,-1.0
3.4993661577124326,10.72846081034452,1.0
7.548526640185026,10.29849789988078,1.0
10.592743106237448,5.453620789882337,-1.0
2.8946960911759754,9.812529832632785,1.0
4.023281092675361,10.071099218402539,1.0
5.101826983149984,9.894606859767812,1.0
6.990391706078221,9.53591784068588,1.0
9.643177491474308,3.6721710561354324,-1.0
10.298403001862834,4.509510927564129,-1.0
11.38632666761942,5.599473960421033,-1.0
4.285855180875802,9.7136220307512,1.0
5.492575887902997,10.959658315651136,1.0
6.278936549093325,9.115477614982556,1.0
8.424767073817625,3.4962365993855773,-1.0
2.882466527412359,9.803521825773165,1.0
5.3879416505045965,11.00798825055208,1.0
8.43446675259322,4.288534929670589,-1.0
9.621756877959319,5.320225451336298,-1.0
5.771018293364666,8.800924629722847,1.0
4.343573278390346,9.556646072405982,1.0
2.5426116257369413,11.566201377967507,1.0
4.163232634441635,9.184901399594862,1.0
9.693478139496897,4.11971753057447,-1.0
3.55838586594459,8.809254249033753,1.0
10.163923035665226,6.76276595401986,-1.0
9.44806763355015,3.2264713509126777,-1.0
4.701274084852525,9.680976002913582,1.0
5.717840532057316,8.523732751370062,1.0
4.9658638261195,10.066578239077492,1.0
10.393529149337922,3.7746897082414845,-1.0
10.492401760375401,5.106325155445364,-1.0
2.4637248937883816,11.410753938300358,1.0
4.2248285803429715,10.291112508863904,1.0
5.487450572763432,9.264729766714089,1.0
3.767583109047507,9.598345380226599,1.0
12.247355384987848,6.298234192562963,-1.0
8.868728796658806,6.543636706214318,-1.0
5.530041819933254,10.415199448074791,1.0
5.626598623933689,9.690892568863497,1.0
10.54247536824511,5.499468490404597,-1.0
9.977278710071454,5.752904869710598,-1.0
2.7916431058626823,10.757005510420848,1.0
4.018893184030261,9.702540262564169,1.0
3.6141567369145995,10.200316302422408,1.0
6.521198450292385,9.135853218296255,1.0
4.075516216416801,10.51545320294786,1.0
10.469085457566493,4.416958029836601,-1.0
4.93453946949966,7.629215845303364,1.0
3.6679309914718616,10.803433767882566,1.0
4.587630214681523,9.487543905688444,1.0
6.302300460499791,10.691100162646704,1.0
8.663201580052583,5.0044998958872124,-1.0
9.223929395681363,5.618633533539514,-1.0
8.890279858453827,5.1740100512991365,-1.0
9.799864572434405,2.70607452060655,-1.0
3.5478723158124854,9.198123745136108,1.0
10.226121556937287,5.001454803130744,-1.0
10.941271276735224,3.8441639330505746,-1.0
5.6567299774579505,10.798307004779174,1.0
9.502564447889716,5.508617821353161,-1.0
10.511226484802659,4.545534616481568,-1.0
10.517376194990891,5.422973631906503,-1.0
4.384651812525162,10.149710424499252,1.0
6.108601999717412,10.005473903742137,1.0
4.310664414701264,10.67201273313554,1.0
10.056993330055874,5.214309483123198,-1.0
10.024478111440002,3.3965496791703234,-1.0
4.762596149769629,10.390923093378625,1.0
5.9927133282503116,10.634874524768177,1.0
8.82764796107064,4.280375999220905,-1.0
6.0069904412985204,10.54372915994373,1.0
4.901661693436865,11.216212549144256,1.0
10.395782516768481,4.690638668209014,-1.0
10.755445124755733,3.461327916746078,-1.0
10.903146870703633,4.156841370913914,-1.0
3.36934229810215,7.401153974377994,1.0
5.230697096622185,7.8375496128278765,1.0
9.855856961353767,5.748774253454125,-1.0
5.43023881931068,10.581746645834727,1.0
2.6409633537449553,10.67223227798257,1.0
9.650030304969352,4.56910091357396,-1.0
10.267059868583472,5.165569740063565,-1.0
10.481057573384641,6.640034800871899,-1.0
10.622368580492584,4.583921737748118,-1.0
10.640290073699502,5.034358830765284,-1.0
6.246703282311332,8.640985277443901,1.0
9.104802953136382,6.343356349137245,-1.0
10.438189512812363,4.259599796465735,-1.0
4.0566769121967186,11.801284667991608,1.0
5.313502260454981,9.020865633928032,1.0
9.68926532939147,4.409129452651646,-1.0
4.431149754937072,8.475651570094755,1.0
10.347597167152205,5.185503151246399,-1.0
4.599996183672565,9.58101503232125,1.0
10.841921679918784,4.973568601352978,-1.0
5.131796526732024,10.75807716885448,1.0
4.820871455538509,10.287225257049263,1.0
5.825239072732367,9.48917230002977,1.0
5.785270902000439,9.796167689856137,1.0
9.127856844743754,4.618280779496567,-1.0
9.638940211988588,4.800519581807622,-1.0
9.904212428064053,3.80215023863299,-1.0
4.940519064339284,9.053588381532396,1.0
2.529763879649279,11.132733885267111,1.0
10.790078918121647,5.158666725202814,-1.0
5.6943545155498345,9.08192235350624,1.0
9.311610576564068,5.664671026489452,-1.0
11.575839678627824,6.475213225813784,-1.0
5.184130035212458,9.717251952366743,1.0
5.126190677728894,9.921228030286382,1.0
9.320087138683778,4.472506484403931,-1.0
11.68484025662575,4.32213922320382,-1.0
9.339644749173475,4.9807342562966355,-1.0
4.714480116910635,9.60381605100082,1.0
10.729058393460276,5.323577287576521,-1.0
11.629329280507267,6.333536321522207,-1.0
10.155247973801327,4.422865188303264,-1.0
6.193289624046767,8.342471813394242,1.0
11.169302159534363,2.7604046173077355,-1.0
10.717451646909469,6.024737612511866,-1.0
5.251130256361433,8.720211714456905,1.0
3.4676545983250326,10.753601588522821,1.0
5.9347970357612425,10.344733838775788,1.0
9.231964351165166,5.651454424436573,-1.0
9.858368014211974,4.997810548674681,-1.0
5.234087926315434,8.458735544667523,1.0
5.37065647654995,9.582011446586703,1.0
2.7275933779286117,10.975999816219964,1.0
4.3989631239584,11.221486269202709,1.0
5.552778391722052,10.677093602685726,1.0
3.8099605912089674,9.647949117602053,1.0
5.409404923923141,9.961841861129882,1.0
7.649675643443171,7.71731449896108,1.0
8.509573116738773,5.267512158402509,-1.0
9.086327065024205,4.70315776517093,-1.0
6.840801287219743,5.898812161901452,-1.0
10.713337211757056,5.707456598315748,-1.0
8.130753474857817,4.078129027706278,-1.0
6.4262929628717576,10.043425351759371,1.0
10.115255917402497,5.4236542346525445,-1.0
5.624382225610807,12.580264141202543,1.0
10.400391364603228,6.641057305230776,-1.0
6.004419990040502,9.308425285597934,1.0
10.947684448194517,4.42117471703436,-1.0
6.957115307273503,9.236826095199023,1.0
6.086274057463738,9.38632230150289,1.0
9.304379596541335,5.3873876298311085,-1.0
9.074950698291692,4.886396530990238,-1.0
8.990106495875432,5.396398097115821,-1.0
9.213371900027697,5.089924860197554,-1.0
5.663310685335688,10.130316659243196,1.0
3.629739397102651,9.424817765704816,1.0
5.4212026014316,11.496478412906297,1.0
11.155032035498703,5.946976952828651,-1.0
10.234357361758228,3.636449452700401,-1.0
9.786281479592285,5.41044814175194,-1.0
4.766334932559494,10.893748518794911,1.0
10.266394176920983,5.1518494534095955,-1.0
4.12930647008935,10.907750365512177,1.0
3.6764765756241973,8.174630291500625,1.0
8.742820570065543,6.46285189027207,-1.0
10.45948570191925,6.885342915631086,-1.0
9.347943601102266,3.9103979383566303,-1.0
4.991331718145437,11.743726682173378,1.0
9.148775130582003,5.244542995928527,-1.0
5.382059446126373,8.694872960909269,1.0
5.15032330511319,10.277338020080508,1.0
8.623097333045223,5.815759309581941,-1.0
9.06898714249046,5.482316725000043,-1.0
5.904023564399418,11.067811639759302,1.0
5.5653284278338475,10.043070898292498,1.0
2.391109413438668,9.296468167878672,1.0
10.850122009734163,5.731935456255975,-1.0
4.752834213806904,11.669660083720501,1.0
11.731002610337452,4.89250247744287,-1.0
10.272037658599038,4.1597320876513635,-1.0
4.272051918151068,12.32580533720301,1.0
4.957716473693868,9.82700957651021,1.0
10.073075496390878,4.749649752976766,-1.0
3.355307500527937,10.770186453877663,1.0
4.698283357242348,10.798645983597254,1.0
5.582840980875224,10.275625512075228,1.0
5.308265717786925,9.673925907582868,1.0
8.839852981799597,3.3929422758869707,-1.0
4.759214520572122,10.326180671872873,1.0
5.018376505282107,11.345340700295065,1.0
6.474671608516312,10.015846923930182,1.0
9.468449159044853,2.8903496747983066,-1.0
9.482890136274001,6.286494622610175,-1.0
4.98033949093022,11.808758653819266,1.0
9.451304259621015,6.811811384332279,-1.0
8.971993115133866,5.016242779627926,-1.0
3.7909706482078587,10.95196568827983,1.0
4.201984827909641,9.085740565489411,1.0
4.746872712840574,10.873680806574912,1.0
2.9883870625521882,9.161821862608354,1.0
11.232334771148675,4.842006845141738,-1.0
4.731495329072218,11.142387694287489,1.0
6.258574628497941,7.9680519467169075,1.0
11.114160977271947,4.29364673891812,-1.0
10.902591277896402,4.813723354238889,-1.0
6.014094861936993,10.53228774118216,1.0
9.334962459093406,4.335616992091752,-1.0
10.308189338395508,5.355564764384746,-1.0
9.826549688825573,5.7223723077936866,-1.0
9.93157798287512,6.012816608725641,-1.0
10.16954117032134,4.348458350267629,-1.0
4.7989766132350855,10.503895129753342,1.0
9.41289440640911,4.903736625828848,-1.0
8.484552220175953,6.941039212933626,-1.0
5.46700216971691,8.978985838359744,1.0
9.838482710800495,4.085615056671369,-1.0
10.706535365851309,6.233825818295642,-1.0
4.692818720675295,10.289970260465534,1.0
9.347603565837932,5.179795943985299,-1.0
4.896733523190999,11.15226297313157,1.0
9.017283826298716,3.5296018650689613,-1.0
5.103826922191359,9.933579292067867,1.0
4.576730670527083,10.92652326277014,1.0
11.122968538403237,4.476889961790427,-1.0
4.388787646214947,9.033604631547682,1.0
10.634774141025654,5.455369293458854,-1.0
6.168201534068036,10.955936411513628,1.0
10.865488602760237,3.9548227344923896,-1.0
6.5843821210210285,10.412961279985451,1.0
9.469157585768633,6.341248459367032,-1.0
4.949988288169245,11.071650855106725,1.0
9.658568311866087,6.365706438146868,-1.0
4.2806468807309095,9.631716218643627,1.0
9.602131851649169,4.482651033211625,-1.0
4.65974141908636,10.93348240431611,1.0
4.5786002532684655,9.329530679594013,1.0
10.817635339282724,6.689639821723837,-1.0
5.1954518744188265,10.222248369846236,1.0
3.8754596586787766,10.729372094933789,1.0
11.306720328051565,5.446699230650234,-1.0
10.433715165889023,6.958786226666728,-1.0
5.84655725987944,8.621253636566715,1.0
11.08769468434991,6.685161418253532,-1.0
5.9808580353242595,9.293290021229883,1.0
10.720340248724424,6.033829008482137,-1.0
4.13990314827671,11.737583360651236,1.0
5.868705920243681,9.568323326261334,1.0
5.982559732675959,10.626753088877024,1.0
4.517103218075511,9.739063213402332,1.0
6.764676787351655,10.53206852490003,1.0
6.304076055207635,8.899269103531415,1.0
9.189472179214397,3.7890209229651006,-1.0
10.461964188041867,4.3994894125602215,-1.0
10.578319171326193,4.3953364536976745,-1.0
9.672465145888705,5.9444161345118784,-1.0
11.161162251238668,3.9894904408586926,-1.0
5.488510121197276,9.737949371227984,1.0
5.335486375568547,9.461327204508413,1.0
5.275126267944186,9.679147485036955,1.0
4.442878838889772,10.977651595887485,1.0
4.577494757115752,9.265053136521994,1.0
8.969427905247287,3.783461230238789,-1.0
4.6500602645660045,8.186630652255332,1.0
11.162581463870461,5.938893821635727,-1.0
9.200344492396068,6.591364888930896,-1.0
10.747331284533262,5.068427143467765,-1.0
4.214668550064275,11.24465636996245,1.0
6.092835271851655,9.481535792551174,1.0
12.4068749602216,5.304086286398031,-1.0
3.0411209150498455,12.081867012699192,1.0
4.175860558622185,10.164394105302494,1.0
3.83773026362511,7.847913616721383,1.0
9.700216767113213,5.623163992235055,-1.0
10.461162484065785,3.8314111376583426,-1.0
10.074896384422416,4.801493964358437,-1.0
2.998626851324249,10.361641747347898,1.0
11.034132208478702,4.242281934363804,-1.0
11.38241124831124,4.452306474700597,-1.0
3.525587595531528,9.727587465314581,1.0
8.659847429608293,5.687715884581991,-1.0
5.946369099700599,9.447772723707708,1.0
5.0138084652721275,9.947886199118186,1.0
9.72268441163283,4.671092555939293,-1.0
9.236674219252942,5.441030851445361,-1.0
3.459003538726656,8.241141186178815,1.0
4.057617669028799,11.449179014779823,1.0
11.072110780165698,6.047264341597871,-1.0
10.297300224958478,5.654895110369335,-1.0
5.6859224426139985,10.672713545094904,1.0
10.502537136642372,4.710625567626607,-1.0
11.072589537191078,3.585544596279238,-1.0
10.466009305037971,4.656387386797475,-1.0
6.205916195886173,9.045032222300183,1.0
4.228114576867841,9.228213522841722,1.0
4.296343493553157,8.925996899682549,1.0
9.078206522803185,5.151505021016924,-1.0
4.7197488272756205,9.82529888283712,1.0
4.994762805675213,11.24347855324344,1.0
9.507777160621517,4.386488482968883,-1.0
10.57066903158921,3.9486076150804736,-1.0
9.00316212937482,3.7117155878963244,-1.0
5.470203986162145,9.942935148984915,1.0
6.6949118848478095,9.178395610352359,1.0
11.338830058676907,5.026822080351771,-1.0
5.708407512589769,9.095442217421265,1.0
4.45804740751627,9.24511532167096,1.0
10.926243558636987,4.995242957736986,-1.0
5.350675464830624,11.122907037728353,1.0
10.404776536808033,3.702812251559892,-1.0
8.599771047412622,5.201027939277469,-1.0
11.54396696522561,4.730648322516892,-1.0
9.158167483441224,4.4174172468452175,-1.0
9.739939463224259,5.38331565712222,-1.0
9.922049853771352,3.3936218835300336,-1.0
11.646285645678176,4.439020996596376,-1.0
4.367866803632771,10.106502434385522,1.0
4.919355365737991,8.356844000281287,1.0
11.596485908188747,6.0874846825506586,-1.0
8.655393916024263,5.820800857982715,-1.0
5.305977517057191,10.116626155579635,1.0
6.147257724160504,9.718939377820982,1.0
11.756163696877568,4.337135369706266,-1.0
4.441286746841027,9.89960784703432,1.0
11.158160343713352,4.80782501140943,-1.0
3.748441651973098,10.21978089204036,1.0
9.750839296715515,3.941731239142257,-1.0
10.029563089427324,4.487690161791864,-1.0
5.547208448683814,10.54120707016077,1.0
5.52314785966968,11.201316761139234,1.0
8.682563961930875,5.957896920081963,-1.0
10.49610243220258,6.458931053672325,-1.0
9.357600186375654,4.337749463437351,-1.0
5.419124501058257,9.783067973691654,1.0
6.30199746983553,9.797023357893606,1.0
9.985235952636517,3.697343367673356,-1.0
10.446299065583425,4.411724331480394,-1.0
6.4320668043081355,10.111276503999814,1.0
7.314699421363192,10.277622321707154,1.0
5.762190433468274,10.762627197716508,1.0
5.441759238027155,10.058291951712338,1.0
5.811133652166484,10.508346804197714,1.0
4.656602563467423,9.112638956210366,1.0
2.5449769887038367,7.600979219442374,1.0
9.485495903762077,5.710922231535495,-1.0
2.9558849564397964,9.083459571879382,1.0
8.472202431954688,5.237854558049204,-1.0
5.1362474989792215,10.568183521669413,1.0
9.251101539188072,4.210376081664952,-1.0
4.112467858499048,9.096228735497986,1.0
12.007853180308988,6.464440338994255,-1.0
8.084140551548778,5.592149954927502,-1.0
4.468203680092331,9.669945685053845,1.0
5.765814601787316,10.788974371736208,1.0
9.242385506443465,7.6127346686461,-1.0
4.948728543966495,9.929457835526353,1.0
11.483823917416961,3.7410244752500166,-1.0
9.090596122252714,5.739892421248264,-1.0
4.684804790031259,11.516473256688144,1.0
10.435894209061967,3.0127161995557223,-1.0
11.468272870413657,7.232312985363151,-1.0
11.193613435960348,2.784200132945733,-1.0
5.0339913765030175,8.910063947140083,1.0
9.953487150216146,5.560561706683415,-1.0
4.873921268404451,9.646618882255613,1.0
5.66865318463476,10.19830497815643,1.0
10.620888084959658,5.295061973644393,-1.0
3.4421925564275924,11.851728685334743,1.0
6.019510077992634,10.11242975924642,1.0
4.252382814534463,11.97979448822227,1.0
4.372172648391892,10.053485188736268,1.0
4.259146044476188,10.204905159794542,1.0
9.394526913051584,5.618580955762895,-1.0
10.580256898198682,4.995937282254632,-1.0
7.524331448284695,9.470199103212757,1.0
11.169296672010223,4.043619715190572,-1.0
8.781362601927203,6.289556215958123,-1.0
9.484467372137393,6.811415393493808,-1.0
8.345413607271608,3.5543108414106324,-1.0
3.836264794971241,11.662696128649138,1.0
9.67208860045456,4.809437036530097,-1.0
10.887476780599407,4.73783631145051,-1.0
9.276647901583498,3.2082793610659666,-1.0
11.26584994881339,5.732008492137075,-1.0
9.89172772503551,6.424490075003526,-1.0
10.157246429792387,5.498524526995963,-1.0
9.232066941824423,6.506856887514715,-1.0
10.662327808495803,4.861949493262248,-1.0
12.208739791242134,7.554055702832879,-1.0
7.072739509640374,10.367724808438663,1.0
5.637171919179864,10.805693089428264,1.0
4.564179983681294,9.2213973102034,1.0
9.530561339044597,3.892499835423681,-1.0
9.926611469642166,5.641630648251782,-1.0
3.649479493872229,9.991729803075009,1.0
4.62414705131907,10.833280283665783,1.0
6.31646285607664,8.16177934774447,1.0
4.572008489942265,9.170265343791321,1.0
9.402511301190321,4.965086851123021,-1.0
11.12928571590846,2.549198261289526,-1.0
10.171441974267777,5.9412602618165895,-1.0
11.387494253846539,4.734609767966473,-1.0
8.364067165160229,3.499662347065339,-1.0
5.154589061236057,11.1664043340267,1.0
9.219479965623957,6.827120071442095,-1.0
10.807673896148556,4.411005021034422,-1.0
5.734311710619219,9.963988748074822,1.0
9.276510177681562,4.490312547472654,-1.0
5.7564197213325174,9.546731397318565,1.0
5.650268422370191,12.733666709305957,1.0
5.219178848548905,11.102741729237952,1.0
9.822231626857425,4.211130573739746,-1.0
3.3578299121357267,8.390727753492685,1.0
5.0155652404236575,8.541676841064026,1.0
12.025977241673882,4.696658291663933,-1.0
6.010924753507526,9.19537622755848,1.0
9.303564841971472,4.179944795466578,-1.0
6.430070589520847,10.31704430586889,1.0
10.824159049387372,7.0297987922395535,-1.0
5.8096551155547544,10.855077175342585,1.0
4.866106962109926,7.902543831741935,1.0
9.578942386246807,5.148681543479134,-1.0
3.4214811757813086,9.307265222781568,1.0
7.68549487452041,4.359125082960538,-1.0
3.752736041757662,10.254633331771212,1.0
9.808954342238513,6.4027652332152485,-1.0
8.660579341072623,4.78173208977146,-1.0
5.448625902788195,8.312913362461753,1.0
8.713515685335222,4.315645477555704,-1.0
4.975398733014141,9.757925050189504,1.0
9.946180729757495,3.313052690669327,-1.0
12.154640245665886,5.355316332935751,-1.0
10.027612014518898,5.7307775480578,-1.0
9.818280497715582,4.193088271802871,-1.0
9.368126010909664,4.9967241217512015,-1.0
9.35257918208449,4.504957956995713,-1.0
5.093334518641899,8.798594129063941,1.0
11.742414565683381,7.198617498499598,-1.0
10.436237251935067,3.0126707462153126,-1.0
10.908937743230076,5.165008683973788,-1.0
6.34119225180374,10.640163627503355,1.0
4.313613764008506,9.79504535364903,1.0
5.008293808284539,10.609721657633118,1.0
9.180976433296388,4.953825141103058,-1.0
4.593629185626987,9.83908228840274,1.0
10.41082184672526,4.702971818961363,-1.0
5.263103594519912,10.272533594509111,1.0
9.400626690641994,6.306595262354321,-1.0
11.064970499730968,4.5645470212859465,-1.0
3.8596943090196927,9.060271984477964,1.0
9.187711284587927,5.088254622273509,-1.0
4.95020533404781,11.499954388764944,1.0
5.935787651219824,11.092478669522784,1.0
8.928515254992268,4.499084864346044,-1.0
2.640965634771185,10.27304918138758,1.0
9.355007445098376,3.433477310920183,-1.0
2.9964086585667054,10.1105830115991,1.0
8.819265024734777,4.257115180808434,-1.0
10.90123004714725,5.232896235775398,-1.0
4.626895525075786,11.566658667092383,1.0
10.189673983508017,6.02013149679274,-1.0
3.8845323274479684,9.983755778658088,1.0
10.469549793383905,4.58265208532368,-1.0
6.537206835517638,10.416985540912506,1.0
10.165520133613322,4.8762838116170695,-1.0
11.241354800653735,4.4282997036113665,-1.0
4.281430624550919,10.097141698253678,1.0
11.662179100455662,5.121169480094081,-1.0
5.594766192226193,9.54614268806126,1.0
9.655094840207592,5.010613936304238,-1.0
2.4314664045324674,10.545524136291965,1.0
11.841043214437857,5.2914915040446076,-1.0
10.740528039858486,4.971455537393944,-1.0
8.463388028164514,6.240244808492708,-1.0
10.430579047054614,5.3143795600436246,-1.0
7.371169880752682,4.887230298042503,-1.0
12.172576748529714,6.409993332946838,-1.0
11.256569078136,4.671091474553274,-1.0
10.362344462900865,4.916844427784491,-1.0
3.710774238095608,9.537967620628232,1.0
5.723866752156532,9.80938660323808,1.0
10.69699624387626,5.010892824171898,-1.0
6.447096566810362,8.972049516636787,1.0
10.694844958234455,3.644022767278943,-1.0
4.247073272642879,9.156710201495343,1.0
5.525553845584868,9.099698953867017,1.0
5.073187959188145,11.258535443367148,1.0
10.902710848931777,4.796319634904585,-1.0
6.506557681238998,8.705484585024095,1.0
10.147866058903487,4.893620270624358,-1.0
5.913731033748816,8.948626573796302,1.0
6.3887107098950215,10.046305011575647,1.0
1.3890338329407244,8.276173631020264,1.0
10.983903437981194,4.677520282813217,-1.0
4.569240323948796,11.090279639200627,1.0
4.996168636599966,11.064319325434386,1.0
8.67879096218283,6.108102257663748,-1.0
5.100362505110038,10.529900700015501,1.0
9.928363800732777,4.1549072585314395,-1.0
4.950616511915791,11.711660752712065,1.0
4.483804600094391,9.986870927673856,1.0
4.09713585503491,10.726911133852115,1.0
6.647670431098902,8.289682449698741,1.0
9.201447992557972,5.887882135102355,-1.0
5.179269110990627,10.174605094902196,1.0
4.4096312428148225,9.915806801396448,1.0
3.554266410522623,9.011406140244528,1.0
4.9555440510877276,9.272887497729082,1.0
4.074844415895763,9.900167682525487,1.0
11.571609146273328,3.700948281489472,-1.0
9.616550050639988,6.40758170598242,-1.0
9.869532925839332,3.8712191794358244,-1.0
5.2657550332399445,11.190347565717682,1.0
5.084617771578839,9.14018192533734,1.0
9.452099077031432,4.878241798534498,-1.0
4.413593547896255,9.797030531411748,1.0
10.225871748531434,5.621359078907188,-1.0
9.908910804968535,4.247960239299418,-1.0
4.227196841802918,9.17033799513934,1.0
4.842780188170966,9.599259352686964,1.0
4.508357872694312,9.314774731208056,1.0
4.86724279777151,11.08748710696792,1.0
7.544621483427962,5.279352261962706,-1.0
5.692671106887177,11.935308787152069,1.0
6.085555090565386,9.29133340567459,1.0
4.8305525410021355,10.908280391972056,1.0
5.738785679776127,9.168570380013358,1.0
4.68426990167032,8.555510416681063,1.0
5.312094679380164,10.102616164993158,1.0
9.275587588269008,5.091867758259358,-1.0
5.535560413070025,10.7189617692664,1.0
3.8951378365830593,10.072595263022768,1.0
5.578897474778133,9.583337619595325,1.0
5.166389570527857,11.466269018244633,1.0
8.814118094597893,5.311037639582598,-1.0
4.646548988219912,9.668213374354254,1.0
3.6727214255088576,11.018724365094746,1.0
5.9066918729008995,9.052303283607873,1.0
10.62366245604423,4.054873824189838,-1.0
4.411542270015916,10.133657020632022,1.0
5.458827626140975,9.516460338208482,1.0
10.678197182957565,5.195557247685874,-1.0
10.812230283405603,4.42729684786239,-1.0
11.249272200114586,4.739154094226101,-1.0
6.0767773933787925,12.153999927042786,1.0
11.84083320805936,4.05804736735187,-1.0
4.196023518942056,9.584415888845486,1.0
10.37808794323467,5.246832066779838,-1.0
10.576586000263958,5.179144751462173,-1.0
9.165858124376896,5.254911682311054,-1.0
9.391115497835845,4.311816957218744,-1.0
10.953638422564163,5.05961452433857,-1.0
9.376779939051483,6.647396530577017,-1.0
10.569508218468942,4.816176477678245,-1.0
11.200648018887147,5.616022094513091,-1.0
4.642331391471565,10.555680469427022,1.0
5.476452848508168,9.298431643015224,1.0
6.989967039006903,10.805601558039921,1.0
5.039339127449231,9.498692019285487,1.0
5.86864989530964,10.376126218754022,1.0
5.699370019192741,10.195587368177508,1.0
4.377675586818883,8.861533312120157,1.0
5.219325187989393,10.97013703348355,1.0
5.971141959015561,9.114656176662079,1.0
11.540907525060344,2.9644838432290297,-1.0
8.330866277363247,4.725561694385362,-1.0
10.279189846692802,3.5286882162232507,-1.0
11.154705277253806,5.007803955827306,-1.0
11.584257679421327,4.2672959445849585,-1.0
4.964786951116937,9.310013101722333,1.0
12.065650488670322,4.438670913515764,-1.0
5.628442231508274,10.185747586039383,1.0
5.22764225644794,9.74277712139358,1.0
11.209435650746741,4.7949264800457625,-1.0
5.821188718829207,9.690669435577666,1.0
4.5896947990879085,8.572992585542758,1.0
4.8684697392595835,10.4837250280881,1.0
11.131635295830009,5.693703030506641,-1.0
10.740875253874208,4.79810768791824,-1.0
6.3347815964979,8.003816105077584,1.0
5.527753753189333,10.358450628856566,1.0
9.8367438110751,6.086862901645934,-1.0
4.052189442963792,9.270000346597435,1.0
4.9973700848848885,8.078953078018332,1.0
7.764841493889486,10.447153166531121,1.0
11.735523531955838,4.651523501761833,-1.0
3.8734341842147293,9.37607449348558,1.0
4.843596606821312,8.585993441794182,1.0
8.853055986864913,5.687570408471709,-1.0
4.805367933303879,9.07863598007887,1.0
5.6996684723083595,8.142696695357905,1.0
4.224125465353274,8.458695138185321,1.0
10.851618798259121,6.604225389715772,-1.0
4.049574136008542,8.459749893539154,1.0
4.989175339832749,11.801250786638159,1.0
4.317224935555673,9.026282471200474,1.0
10.148309251759962,3.578932145329341,-1.0
5.5693555497652945,8.664992555715669,1.0
9.216430827076115,4.975488353798206,-1.0
8.882020591371065,3.0880318539028444,-1.0
5.7900633049847805,10.280614767001635,1.0
10.593320662940238,5.4268225439395765,-1.0
10.647704081006337,5.3826896719446795,-1.0
8.387739536273344,3.636960756084098,-1.0
4.569988118089847,9.049376153071735,1.0
8.73681292970221,3.7180333745320997,-1.0
3.230945550162185,9.848004846419826,1.0
3.3617131271339487,11.141995863140222,1.0
4.518430497546905,10.546202647392871,1.0
5.325037418560396,9.959951684460764,1.0
7.9535529367898,5.085864126345137,-1.0
10.467083321754583,5.759137704862709,-1.0
9.950877275818595,6.461981633539163,-1.0
5.826627659350553,9.1873406367748,1.0
8.609156168155206,6.357645622452905,-1.0
11.770672656996958,6.33404998583085,-1.0
9.02080732676374,5.014166767872075,-1.0
11.365963901466818,4.54447636869298,-1.0
3.1965943765356313,9.796340305200083,1.0
8.6694089369183,5.538241816485962,-1.0
10.571985442133304,3.106194392725927,-1.0
10.37468361812478,5.137890557877209,-1.0
10.26720961611186,4.956227873450898,-1.0
9.889088944655445,4.748182928002422,-1.0
3.327755573366059,12.299655334480684,1.0
9.102815939305422,5.133103133373784,-1.0
9.084440712066364,7.083477418275205,-1.0
5.929291421784317,10.722436256372267,1.0
9.333526537755613,8.26467761496739,-1.0
7.397960650415101,10.266967065809755,1.0
9.793564104363025,3.6863888357244257,-1.0
4.6057135730669705,9.44802844257148,1.0
3.860745079734314,9.036171579411134,1.0
10.228313767914202,6.115659731045724,-1.0
4.847121952675277,7.658168211938231,1.0
9.86625142341655,4.772408636161672,-1.0
8.886409802046247,6.154440490365156,-1.0
3.653201968165084,9.736935695290352,1.0
9.053498429568087,5.534473027097443,-1.0
7.059905124929436,5.860874242811436,-1.0
9.160011636496964,6.14079709093204,-1.0
5.439266357100893,10.099987081943878,1.0
5.040242455489928,13.168762602534088,1.0
4.008536614177035,10.211400830381478,1.0
9.207726262101808,4.72341626159412,-1.0
7.766761713274244,9.552409824327418,1.0
5.556790093385872,11.05896919222719,1.0
11.023598540244521,2.945832960394002,-1.0
4.201326030283132,10.789782065662381,1.0
9.860489835472395,4.485285334554845,-1.0
9.750048713572681,5.074048631642569,-1.0
3.7919715353328503,11.2751146823076,1.0
6.156200356494006,9.828164385918752,1.0
6.014222697177151,11.747679364512855,1.0
10.250677374035469,5.1251786768061365,-1.0
11.600091579408113,4.594398753328015,-1.0
11.322509057311342,3.776364735488907,-1.0
10.083490247258913,5.970628580199077,-1.0
10.57130163488466,4.574232863674173,-1.0
5.826182431218611,9.335051698960706,1.0
4.293784235300044,10.226267765133182,1.0
5.31300768187039,11.12880464902456,1.0
8.617350465404558,4.366245308421432,-1.0
10.196404196323188,4.568153439351002,-1.0
6.6000623488605825,9.739189371942802,1.0
10.732336322608106,4.714997301702809,-1.0
11.748084741232425,7.14500584726935,-1.0
9.584467455637004,4.6331374061551855,-1.0
3.302312383886483,8.210192706117626,1.0
4.818452872100127,9.476997372145972,1.0
10.936436368344449,4.688308246235784,-1.0
11.22799625403956,4.766422305110788,-1.0
8.793473646250217,3.7326879680198255,-1.0
9.868411110948088,5.51954373928263,-1.0
12.437457373083584,6.675799799766394,-1.0
6.561233466115835,10.043145869253983,1.0
6.653327482465518,9.034188752031861,1.0
6.105066740169371,11.276451652876103,1.0
8.83009386416611,4.021718611178956,-1.0
9.982393538946305,5.478972296562276,-1.0
5.526068966234023,10.679061345590146,1.0
4.298348453239946,11.391418596937479,1.0
4.630078311454927,10.705835482688437,1.0
6.255428672536881,10.036269473336095,1.0
3.886538891600441,10.122110659506864,1.0
11.34916965610123,4.071756391818405,-1.0
4.336645901231921,10.096315270151818,1.0
4.225073075324422,10.716172183349219,1.0
9.882707768004426,5.670194458297212,-1.0
4.991553739270047,10.975549959778004,1.0
5.93267591037388,8.888010179409612,1.0
4.152847820001488,10.51777665334399,1.0
10.087903662370621,4.432517387573322,-1.0
2.9454663452338083,9.644543681750703,1.0
4.429361613591339,11.446922369096507,1.0
10.707891913216777,5.982457869247904,-1.0
4.794962419094547,9.782958915507239,1.0
9.344813371623358,6.431096255423572,-1.0
10.898863603362882,4.894946417778558,-1.0
11.105557296671002,6.448860369350857,-1.0
5.83408959027343,9.893910547837672,1.0
5.633401449406923,10.319418464120517,1.0
5.761632926784592,9.85131694620592,1.0
9.64619827713726,4.229310999713422,-1.0
10.635802020508304,5.381922131997331,-1.0
10.417080945988507,4.7231610782708175,-1.0
6.276976753717366,10.202235317293663,1.0
4.395699886332464,10.549487970651557,1.0
8.634825887070663,5.1645630128784745,-1.0
4.529553394629554,9.461978287208815,1.0
4.2078893393778785,10.32577661346027,1.0
9.397153449482477,4.124134417202821,-1.0
10.081807027071784,5.013450310472941,-1.0
3.736858988039931,12.128997105848477,1.0
4.273970833191709,12.0956397220463,1.0
5.587260563965619,9.04998718620602,1.0
9.401047439743676,4.647724545152919,-1.0
5.847478126003896,10.168679449178128,1.0
4.1299978473180605,10.260259262534696,1.0
6.872050082462824,9.088270472324384,1.0
6.638104859474385,9.914458961640582,1.0
9.184120389697707,8.257779071830763,-1.0
6.079978551430493,10.38648331750555,1.0
10.522736616202582,4.3095499262464285,-1.0
6.481907540074465,10.050324326491237,1.0
10.273567942100025,6.55013424232985,-1.0
6.030807075288812,10.707454125815238,1.0
5.363727265806054,9.46157548995816,1.0
10.802454442251573,6.246691741666824,-1.0
12.05204545939431,5.997158661864388,-1.0
9.027233260070506,4.571687788306057,-1.0
9.543651988280134,6.030677683960908,-1.0
3.964828082278783,9.94827456108975,1.0
10.060999681810511,6.504663895383533,-1.0
12.629726699945737,6.213112381695673,-1.0
9.127375063541882,4.673955125963566,-1.0
4.456081664725435,11.12617562463289,1.0
10.824267321888092,5.510274191083347,-1.0
10.305195075605424,3.88819287386803,-1.0
10.294764572663569,5.863876707133827,-1.0
5.286247654786273,9.181877508705705,1.0
9.69196551494755,5.5880697930393,-1.0
3.9601460534090602,9.703138018660749,1.0
6.519798952510134,9.837749838127273,1.0
10.517512515624043,5.700449572028909,-1.0
10.820643868840516,4.800474877932942,-1.0
10.202589448246316,5.741422411267821,-1.0
9.209909247964777,4.6115603599471715,-1.0
4.816277441677087,9.29143346918499,1.0
6.209772521017079,9.929992304836976,1.0
9.594684063233117,5.9340005329928,-1.0
5.206303318446022,10.825148416600051,1.0
8.902513733264804,6.594537992233663,-1.0
9.13858467917962,4.480623957062566,-1.0
5.416846799541421,9.325397761598092,1.0
9.83677279264625,3.945733278500824,-1.0
10.02130217622964,6.800951124111018,-1.0
4.869097922159926,8.44220198118234,1.0
4.7775424107011615,8.972354262611956,1.0
11.863004578745633,4.3818302358526156,-1.0
9.645716650585525,5.063965128041399,-1.0
10.050493102539422,3.291938781059971,-1.0
5.925770106264095,8.640710123909692,1.0
5.61178023424968,10.566911610969536,1.0
4.334428429465968,8.787991084218316,1.0
9.198704186831069,5.53928806023556,-1.0
10.565335360892036,5.094182676654256,-1.0
5.648642520372923,10.58771028345772,1.0
9.871044453258905,4.307549249541131,-1.0
4.810391936399236,10.032850831194743,1.0
9.719827763178738,4.569966598470284,-1.0
8.484471081648705,4.43269799930042,-1.0
10.507439882628868,4.7487954828424,-1.0
10.163788847569164,3.8854803110801477,-1.0
10.730655803568693,6.088624290563426,-1.0
6.509899706508797,10.886279957723886,1.0
3.8821132265116827,9.218379480292114,1.0
10.38741530514859,3.8777672183896694,-1.0
5.3416073859155695,9.806223680536805,1.0
4.424881227323285,9.422223729154668,1.0
10.305674374067092,5.475470091428282,-1.0
5.4396295470828155,9.067918317278917,1.0
5.564526409181363,12.028483460903724,1.0
9.952499237620605,5.052417751021554,-1.0
5.151947633525489,9.498540926379237,1.0
5.306074000223481,9.62504463996188,1.0
10.07173188098672,7.160206552816717,-1.0
10.588315260328,6.010431799237062,-1.0
5.335532416528919,12.60946679763445,1.0
9.136624779802155,6.326903413484539,-1.0
4.342318468926642,8.37474475902226,1.0
8.79822942910839,4.007803512032399,-1.0
6.0790636078549065,11.747217661082331,1.0
3.8093000672461423,10.337455072685582,1.0
8.67428909110267,4.196244665471745,-1.0
5.950900193907274,10.67865164494766,1.0
11.152032332316995,5.135869138258354,-1.0
4.905215110131355,9.53106011652713,1.0
3.047704339614885,10.35759313543363,1.0
10.676818402667525,4.970452688888449,-1.0
10.451687667581414,6.583892445347681,-1.0
5.110831482465238,11.231446030863225,1.0
2.56885411302686,9.705175061212733,1.0
9.43811399735679,5.246642859775968,-1.0
10.82187980572251,4.661651122565727,-1.0
11.062166516411208,4.594985900278841,-1.0
8.82402437371137,5.41520795644361,-1.0
10.043181313013566,5.1289528094455825,-1.0
8.230026722391449,5.501173278394113,-1.0
5.790688199805534,8.762113183506212,1.0
3.081770518696045,9.568294554913749,1.0
8.330972804257362,6.271185070088905,-1.0
10.148134546094372,7.052206765878623,-1.0
12.067308545613535,3.314073534011124,-1.0
10.476386501500075,4.885875918820391,-1.0
9.662676517114251,4.198819358257154,-1.0
3.196009854259872,9.120810577591792,1.0
10.644690178662573,5.331128142268343,-1.0
3.450458462653847,11.145562159501468,1.0
4.7893577781805865,10.363878978586401,1.0
10.328942149760367,7.622986514067953,-1.0
3.1924194243752964,9.976463938828479,1.0
10.116565987242648,4.723312594885017,-1.0
12.677784069168629,3.4016760400727355,-1.0
5.10578478869187,9.830202725421625,1.0
9.557076664189191,6.085316660204347,-1.0
9.5107919960523,3.4225737347378256,-1.0
2.8500563300101125,10.422664333154115,1.0
5.671633986546409,10.063594795611024,1.0
9.509169467585602,4.882389961459665,-1.0
8.701701303771403,7.306804908080277,-1.0
4.469563004529232,12.628744086733665,1.0
10.591345022966998,4.904800939881387,-1.0
3.9507159611659226,10.475806811787596,1.0
3.506982400202408,11.060628367193582,1.0
5.040165838229127,10.818745685994873,1.0
4.444931756737649,10.77599532544418,1.0
9.914973294187657,4.472119579371958,-1.0
4.906728017159418,11.139549353722407,1.0
11.027242375253394,3.7485457174189527,-1.0
10.960743425630811,4.131480670333492,-1.0
4.507133557790362,10.947755806132275,1.0
5.934836154473191,10.502217046350252,1.0
9.282773219934645,4.3586470887702315,-1.0
5.496549911690674,9.506058924112564,1.0
4.474459229382608,9.213654080952056,1.0
11.186318419497823,6.6677321478221385,-1.0
10.28590441307605,4.931463496885139,-1.0
11.061128122973832,5.715643566663809,-1.0
10.535512496706776,4.370076153169363,-1.0
9.782583216125094,5.083728848475262,-1.0
11.465817126453835,5.822028104484673,-1.0
12.632858404885154,5.562452052204703,-1.0
5.3013442073612005,11.316549973089634,1.0
7.734178525315185,4.03297251533623,-1.0
9.843375687147953,3.66469938767065,-1.0
3.907330280839668,11.323504488863543,1.0
11.229068341918484,5.984070584029289,-1.0
3.157517409196833,9.470452376389192,1.0
11.50820919210907,4.101861463134015,-1.0
9.554537834213177,4.935369743125163,-1.0
12.05112992846272,6.48661530523515,-1.0
3.70867582213692,9.662668604559297,1.0
9.761517588832195,6.055369803188048,-1.0
11.513365135059672,5.413018656809872,-1.0
8.723969540789595,5.181823848141896,-1.0
8.598529068728356,4.5010752426898275,-1.0
4.846693664968842,9.427445549234822,1.0
8.257162891356181,4.089893070890554,-1.0
3.0764001484717616,8.044237959498838,1.0
4.748759434822349,9.849826381958557,1.0
4.589131065337683,9.886642324092772,1.0
6.095472275088704,11.649507948926061,1.0
11.482102732257871,5.554492154435543,-1.0
11.308464068120188,5.384021200814176,-1.0
4.2112171086637336,12.403852353936175,1.0
4.751871253286199,9.513626896807668,1.0
4.775877583983182,10.72704698275925,1.0
9.249534638631323,4.0082272956008325,-1.0
4.366670146043166,8.240609477181131,1.0
2.260367226470606,10.447638577212022,1.0
10.262793132584275,6.150637393795136,-1.0
7.7937594882523165,5.028245029283957,-1.0
3.5243832631576932,10.093134151765433,1.0
5.683991122250619,11.90335067590535,1.0
9.395702328677762,5.445635144095306,-1.0
9.809346775877197,2.9986142360338426,-1.0
10.218155983906998,6.081588833843509,-1.0
